personId,personName
1,张三1
2,张三2
3,张三3
4,张三4
5,张三5
6,张三6
7,张三7
8,张三8
9,张三9
10,张三10
11,张三11
12,张三12
13,张三13
14,张三14
15,张三15
16,张三16
17,张三17
18,张三18
19,张三19
20,张三20
21,张三21
22,张三22
23,张三23
24,张三24
25,张三25
26,张三26
27,张三27
28,张三28
29,张三29
30,张三30
31,张三31
32,张三32
33,张三33
34,张三34
35,张三35
36,张三36
37,张三37
38,张三38
39,张三39
40,张三40
41,张三41
42,张三42
43,张三43
44,张三44
45,张三45
46,张三46
47,张三47
48,张三48
49,张三49
50,张三50
51,张三51
52,张三52
53,张三53
54,张三54
55,张三55
56,张三56
57,张三57
58,张三58
59,张三59
60,张三60
61,张三61
62,张三62
63,张三63
64,张三64
65,张三65
66,张三66
67,张三67
68,张三68
69,张三69
70,张三70
71,张三71
72,张三72
73,张三73
74,张三74
75,张三75
76,张三76
77,张三77
78,张三78
79,张三79
80,张三80
81,张三81
82,张三82
83,张三83
84,张三84
85,张三85
86,张三86
87,张三87
88,张三88
89,张三89
90,张三90
91,张三91
92,张三92
93,张三93
94,张三94
95,张三95
96,张三96
97,张三97
98,张三98
99,张三99
100,张三100
101,张三101
102,张三102
103,张三103
104,张三104
105,张三105
106,张三106
107,张三107
108,张三108
109,张三109
110,张三110
111,张三111
112,张三112
113,张三113
114,张三114
115,张三115
116,张三116
117,张三117
118,张三118
119,张三119
120,张三120
121,张三121
122,张三122
123,张三123
124,张三124
125,张三125
126,张三126
127,张三127
128,张三128
129,张三129
130,张三130
131,张三131
132,张三132
133,张三133
134,张三134
135,张三135
136,张三136
137,张三137
138,张三138
139,张三139
140,张三140
141,张三141
142,张三142
143,张三143
144,张三144
145,张三145
146,张三146
147,张三147
148,张三148
149,张三149
150,张三150
151,张三151
152,张三152
153,张三153
154,张三154
155,张三155
156,张三156
157,张三157
158,张三158
159,张三159
160,张三160
161,张三161
162,张三162
163,张三163
164,张三164
165,张三165
166,张三166
167,张三167
168,张三168
169,张三169
170,张三170
171,张三171
172,张三172
173,张三173
174,张三174
175,张三175
176,张三176
177,张三177
178,张三178
179,张三179
180,张三180
181,张三181
182,张三182
183,张三183
184,张三184
185,张三185
186,张三186
187,张三187
188,张三188
189,张三189
190,张三190
191,张三191
192,张三192
193,张三193
194,张三194
195,张三195
196,张三196
197,张三197
198,张三198
199,张三199
200,张三200
201,张三201
202,张三202
203,张三203
204,张三204
205,张三205
206,张三206
207,张三207
208,张三208
209,张三209
210,张三210
211,张三211
212,张三212
213,张三213
214,张三214
215,张三215
216,张三216
217,张三217
218,张三218
219,张三219
220,张三220
221,张三221
222,张三222
223,张三223
224,张三224
225,张三225
226,张三226
227,张三227
228,张三228
229,张三229
230,张三230
231,张三231
232,张三232
233,张三233
234,张三234
235,张三235
236,张三236
237,张三237
238,张三238
239,张三239
240,张三240
241,张三241
242,张三242
243,张三243
244,张三244
245,张三245
246,张三246
247,张三247
248,张三248
249,张三249
250,张三250
251,张三251
252,张三252
253,张三253
254,张三254
255,张三255
256,张三256
257,张三257
258,张三258
259,张三259
260,张三260
261,张三261
262,张三262
263,张三263
264,张三264
265,张三265
266,张三266
267,张三267
268,张三268
269,张三269
270,张三270
271,张三271
272,张三272
273,张三273
274,张三274
275,张三275
276,张三276
277,张三277
278,张三278
279,张三279
280,张三280
281,张三281
282,张三282
283,张三283
284,张三284
285,张三285
286,张三286
287,张三287
288,张三288
289,张三289
290,张三290
291,张三291
292,张三292
293,张三293
294,张三294
295,张三295
296,张三296
297,张三297
298,张三298
299,张三299
300,张三300
301,张三301
302,张三302
303,张三303
304,张三304
305,张三305
306,张三306
307,张三307
308,张三308
309,张三309
310,张三310
311,张三311
312,张三312
313,张三313
314,张三314
315,张三315
316,张三316
317,张三317
318,张三318
319,张三319
320,张三320
321,张三321
322,张三322
323,张三323
324,张三324
325,张三325
326,张三326
327,张三327
328,张三328
329,张三329
330,张三330
331,张三331
332,张三332
333,张三333
334,张三334
335,张三335
336,张三336
337,张三337
338,张三338
339,张三339
340,张三340
341,张三341
342,张三342
343,张三343
344,张三344
345,张三345
346,张三346
347,张三347
348,张三348
349,张三349
350,张三350
351,张三351
352,张三352
353,张三353
354,张三354
355,张三355
356,张三356
357,张三357
358,张三358
359,张三359
360,张三360
361,张三361
362,张三362
363,张三363
364,张三364
365,张三365
366,张三366
367,张三367
368,张三368
369,张三369
370,张三370
371,张三371
372,张三372
373,张三373
374,张三374
375,张三375
376,张三376
377,张三377
378,张三378
379,张三379
380,张三380
381,张三381
382,张三382
383,张三383
384,张三384
385,张三385
386,张三386
387,张三387
388,张三388
389,张三389
390,张三390
391,张三391
392,张三392
393,张三393
394,张三394
395,张三395
396,张三396
397,张三397
398,张三398
399,张三399
400,张三400
401,张三401
402,张三402
403,张三403
404,张三404
405,张三405
406,张三406
407,张三407
408,张三408
409,张三409
410,张三410
411,张三411
412,张三412
413,张三413
414,张三414
415,张三415
416,张三416
417,张三417
418,张三418
419,张三419
420,张三420
421,张三421
422,张三422
423,张三423
424,张三424
425,张三425
426,张三426
427,张三427
428,张三428
429,张三429
430,张三430
431,张三431
432,张三432
433,张三433
434,张三434
435,张三435
436,张三436
437,张三437
438,张三438
439,张三439
440,张三440
441,张三441
442,张三442
443,张三443
444,张三444
445,张三445
446,张三446
447,张三447
448,张三448
449,张三449
450,张三450
451,张三451
452,张三452
453,张三453
454,张三454
455,张三455
456,张三456
457,张三457
458,张三458
459,张三459
460,张三460
461,张三461
462,张三462
463,张三463
464,张三464
465,张三465
466,张三466
467,张三467
468,张三468
469,张三469
470,张三470
471,张三471
472,张三472
473,张三473
474,张三474
475,张三475
476,张三476
477,张三477
478,张三478
479,张三479
480,张三480
481,张三481
482,张三482
483,张三483
484,张三484
485,张三485
486,张三486
487,张三487
488,张三488
489,张三489
490,张三490
491,张三491
492,张三492
493,张三493
494,张三494
495,张三495
496,张三496
497,张三497
498,张三498
499,张三499
500,张三500
501,张三501
502,张三502
503,张三503
504,张三504
505,张三505
506,张三506
507,张三507
508,张三508
509,张三509
510,张三510
511,张三511
512,张三512
513,张三513
514,张三514
515,张三515
516,张三516
517,张三517
518,张三518
519,张三519
520,张三520
521,张三521
522,张三522
523,张三523
524,张三524
525,张三525
526,张三526
527,张三527
528,张三528
529,张三529
530,张三530
531,张三531
532,张三532
533,张三533
534,张三534
535,张三535
536,张三536
537,张三537
538,张三538
539,张三539
540,张三540
541,张三541
542,张三542
543,张三543
544,张三544
545,张三545
546,张三546
547,张三547
548,张三548
549,张三549
550,张三550
551,张三551
552,张三552
553,张三553
554,张三554
555,张三555
556,张三556
557,张三557
558,张三558
559,张三559
560,张三560
561,张三561
562,张三562
563,张三563
564,张三564
565,张三565
566,张三566
567,张三567
568,张三568
569,张三569
570,张三570
571,张三571
572,张三572
573,张三573
574,张三574
575,张三575
576,张三576
577,张三577
578,张三578
579,张三579
580,张三580
581,张三581
582,张三582
583,张三583
584,张三584
585,张三585
586,张三586
587,张三587
588,张三588
589,张三589
590,张三590
591,张三591
592,张三592
593,张三593
594,张三594
595,张三595
596,张三596
597,张三597
598,张三598
599,张三599
600,张三600
601,张三601
602,张三602
603,张三603
604,张三604
605,张三605
606,张三606
607,张三607
608,张三608
609,张三609
610,张三610
611,张三611
612,张三612
613,张三613
614,张三614
615,张三615
616,张三616
617,张三617
618,张三618
619,张三619
620,张三620
621,张三621
622,张三622
623,张三623
624,张三624
625,张三625
626,张三626
627,张三627
628,张三628
629,张三629
630,张三630
631,张三631
632,张三632
633,张三633
634,张三634
635,张三635
636,张三636
637,张三637
638,张三638
639,张三639
640,张三640
641,张三641
642,张三642
643,张三643
644,张三644
645,张三645
646,张三646
647,张三647
648,张三648
649,张三649
650,张三650
651,张三651
652,张三652
653,张三653
654,张三654
655,张三655
656,张三656
657,张三657
658,张三658
659,张三659
660,张三660
661,张三661
662,张三662
663,张三663
664,张三664
665,张三665
666,张三666
667,张三667
668,张三668
669,张三669
670,张三670
671,张三671
672,张三672
673,张三673
674,张三674
675,张三675
676,张三676
677,张三677
678,张三678
679,张三679
680,张三680
681,张三681
682,张三682
683,张三683
684,张三684
685,张三685
686,张三686
687,张三687
688,张三688
689,张三689
690,张三690
691,张三691
692,张三692
693,张三693
694,张三694
695,张三695
696,张三696
697,张三697
698,张三698
699,张三699
700,张三700
701,张三701
702,张三702
703,张三703
704,张三704
705,张三705
706,张三706
707,张三707
708,张三708
709,张三709
710,张三710
711,张三711
712,张三712
713,张三713
714,张三714
715,张三715
716,张三716
717,张三717
718,张三718
719,张三719
720,张三720
721,张三721
722,张三722
723,张三723
724,张三724
725,张三725
726,张三726
727,张三727
728,张三728
729,张三729
730,张三730
731,张三731
732,张三732
733,张三733
734,张三734
735,张三735
736,张三736
737,张三737
738,张三738
739,张三739
740,张三740
741,张三741
742,张三742
743,张三743
744,张三744
745,张三745
746,张三746
747,张三747
748,张三748
749,张三749
750,张三750
751,张三751
752,张三752
753,张三753
754,张三754
755,张三755
756,张三756
757,张三757
758,张三758
759,张三759
760,张三760
761,张三761
762,张三762
763,张三763
764,张三764
765,张三765
766,张三766
767,张三767
768,张三768
769,张三769
770,张三770
771,张三771
772,张三772
773,张三773
774,张三774
775,张三775
776,张三776
777,张三777
778,张三778
779,张三779
780,张三780
781,张三781
782,张三782
783,张三783
784,张三784
785,张三785
786,张三786
787,张三787
788,张三788
789,张三789
790,张三790
791,张三791
792,张三792
793,张三793
794,张三794
795,张三795
796,张三796
797,张三797
798,张三798
799,张三799
800,张三800
801,张三801
802,张三802
803,张三803
804,张三804
805,张三805
806,张三806
807,张三807
808,张三808
809,张三809
810,张三810
811,张三811
812,张三812
813,张三813
814,张三814
815,张三815
816,张三816
817,张三817
818,张三818
819,张三819
820,张三820
821,张三821
822,张三822
823,张三823
824,张三824
825,张三825
826,张三826
827,张三827
828,张三828
829,张三829
830,张三830
831,张三831
832,张三832
833,张三833
834,张三834
835,张三835
836,张三836
837,张三837
838,张三838
839,张三839
840,张三840
841,张三841
842,张三842
843,张三843
844,张三844
845,张三845
846,张三846
847,张三847
848,张三848
849,张三849
850,张三850
851,张三851
852,张三852
853,张三853
854,张三854
855,张三855
856,张三856
857,张三857
858,张三858
859,张三859
860,张三860
861,张三861
862,张三862
863,张三863
864,张三864
865,张三865
866,张三866
867,张三867
868,张三868
869,张三869
870,张三870
871,张三871
872,张三872
873,张三873
874,张三874
875,张三875
876,张三876
877,张三877
878,张三878
879,张三879
880,张三880
881,张三881
882,张三882
883,张三883
884,张三884
885,张三885
886,张三886
887,张三887
888,张三888
889,张三889
890,张三890
891,张三891
892,张三892
893,张三893
894,张三894
895,张三895
896,张三896
897,张三897
898,张三898
899,张三899
900,张三900
901,张三901
902,张三902
903,张三903
904,张三904
905,张三905
906,张三906
907,张三907
908,张三908
909,张三909
910,张三910
911,张三911
912,张三912
913,张三913
914,张三914
915,张三915
916,张三916
917,张三917
918,张三918
919,张三919
920,张三920
921,张三921
922,张三922
923,张三923
924,张三924
925,张三925
926,张三926
927,张三927
928,张三928
929,张三929
930,张三930
931,张三931
932,张三932
933,张三933
934,张三934
935,张三935
936,张三936
937,张三937
938,张三938
939,张三939
940,张三940
941,张三941
942,张三942
943,张三943
944,张三944
945,张三945
946,张三946
947,张三947
948,张三948
949,张三949
950,张三950
951,张三951
952,张三952
953,张三953
954,张三954
955,张三955
956,张三956
957,张三957
958,张三958
959,张三959
960,张三960
961,张三961
962,张三962
963,张三963
964,张三964
965,张三965
966,张三966
967,张三967
968,张三968
969,张三969
970,张三970
971,张三971
972,张三972
973,张三973
974,张三974
975,张三975
976,张三976
977,张三977
978,张三978
979,张三979
980,张三980
981,张三981
982,张三982
983,张三983
984,张三984
985,张三985
986,张三986
987,张三987
988,张三988
989,张三989
990,张三990
991,张三991
992,张三992
993,张三993
994,张三994
995,张三995
996,张三996
997,张三997
998,张三998
999,张三999
1000,张三1000
1001,张三1001
1002,张三1002
1003,张三1003
1004,张三1004
1005,张三1005
1006,张三1006
1007,张三1007
1008,张三1008
1009,张三1009
1010,张三1010
1011,张三1011
1012,张三1012
1013,张三1013
1014,张三1014
1015,张三1015
1016,张三1016
1017,张三1017
1018,张三1018
1019,张三1019
1020,张三1020
1021,张三1021
1022,张三1022
1023,张三1023
1024,张三1024
1025,张三1025
1026,张三1026
1027,张三1027
1028,张三1028
1029,张三1029
1030,张三1030
1031,张三1031
1032,张三1032
1033,张三1033
1034,张三1034
1035,张三1035
1036,张三1036
1037,张三1037
1038,张三1038
1039,张三1039
1040,张三1040
1041,张三1041
1042,张三1042
1043,张三1043
1044,张三1044
1045,张三1045
1046,张三1046
1047,张三1047
1048,张三1048
1049,张三1049
1050,张三1050
1051,张三1051
1052,张三1052
1053,张三1053
1054,张三1054
1055,张三1055
1056,张三1056
1057,张三1057
1058,张三1058
1059,张三1059
1060,张三1060
1061,张三1061
1062,张三1062
1063,张三1063
1064,张三1064
1065,张三1065
1066,张三1066
1067,张三1067
1068,张三1068
1069,张三1069
1070,张三1070
1071,张三1071
1072,张三1072
1073,张三1073
1074,张三1074
1075,张三1075
1076,张三1076
1077,张三1077
1078,张三1078
1079,张三1079
1080,张三1080
1081,张三1081
1082,张三1082
1083,张三1083
1084,张三1084
1085,张三1085
1086,张三1086
1087,张三1087
1088,张三1088
1089,张三1089
1090,张三1090
1091,张三1091
1092,张三1092
1093,张三1093
1094,张三1094
1095,张三1095
1096,张三1096
1097,张三1097
1098,张三1098
1099,张三1099
1100,张三1100
1101,张三1101
1102,张三1102
1103,张三1103
1104,张三1104
1105,张三1105
1106,张三1106
1107,张三1107
1108,张三1108
1109,张三1109
1110,张三1110
1111,张三1111
1112,张三1112
1113,张三1113
1114,张三1114
1115,张三1115
1116,张三1116
1117,张三1117
1118,张三1118
1119,张三1119
1120,张三1120
1121,张三1121
1122,张三1122
1123,张三1123
1124,张三1124
1125,张三1125
1126,张三1126
1127,张三1127
1128,张三1128
1129,张三1129
1130,张三1130
1131,张三1131
1132,张三1132
1133,张三1133
1134,张三1134
1135,张三1135
1136,张三1136
1137,张三1137
1138,张三1138
1139,张三1139
1140,张三1140
1141,张三1141
1142,张三1142
1143,张三1143
1144,张三1144
1145,张三1145
1146,张三1146
1147,张三1147
1148,张三1148
1149,张三1149
1150,张三1150
1151,张三1151
1152,张三1152
1153,张三1153
1154,张三1154
1155,张三1155
1156,张三1156
1157,张三1157
1158,张三1158
1159,张三1159
1160,张三1160
1161,张三1161
1162,张三1162
1163,张三1163
1164,张三1164
1165,张三1165
1166,张三1166
1167,张三1167
1168,张三1168
1169,张三1169
1170,张三1170
1171,张三1171
1172,张三1172
1173,张三1173
1174,张三1174
1175,张三1175
1176,张三1176
1177,张三1177
1178,张三1178
1179,张三1179
1180,张三1180
1181,张三1181
1182,张三1182
1183,张三1183
1184,张三1184
1185,张三1185
1186,张三1186
1187,张三1187
1188,张三1188
1189,张三1189
1190,张三1190
1191,张三1191
1192,张三1192
1193,张三1193
1194,张三1194
1195,张三1195
1196,张三1196
1197,张三1197
1198,张三1198
1199,张三1199
1200,张三1200
1201,张三1201
1202,张三1202
1203,张三1203
1204,张三1204
1205,张三1205
1206,张三1206
1207,张三1207
1208,张三1208
1209,张三1209
1210,张三1210
1211,张三1211
1212,张三1212
1213,张三1213
1214,张三1214
1215,张三1215
1216,张三1216
1217,张三1217
1218,张三1218
1219,张三1219
1220,张三1220
1221,张三1221
1222,张三1222
1223,张三1223
1224,张三1224
1225,张三1225
1226,张三1226
1227,张三1227
1228,张三1228
1229,张三1229
1230,张三1230
1231,张三1231
1232,张三1232
1233,张三1233
1234,张三1234
1235,张三1235
1236,张三1236
1237,张三1237
1238,张三1238
1239,张三1239
1240,张三1240
1241,张三1241
1242,张三1242
1243,张三1243
1244,张三1244
1245,张三1245
1246,张三1246
1247,张三1247
1248,张三1248
1249,张三1249
1250,张三1250
1251,张三1251
1252,张三1252
1253,张三1253
1254,张三1254
1255,张三1255
1256,张三1256
1257,张三1257
1258,张三1258
1259,张三1259
1260,张三1260
1261,张三1261
1262,张三1262
1263,张三1263
1264,张三1264
1265,张三1265
1266,张三1266
1267,张三1267
1268,张三1268
1269,张三1269
1270,张三1270
1271,张三1271
1272,张三1272
1273,张三1273
1274,张三1274
1275,张三1275
1276,张三1276
1277,张三1277
1278,张三1278
1279,张三1279
1280,张三1280
1281,张三1281
1282,张三1282
1283,张三1283
1284,张三1284
1285,张三1285
1286,张三1286
1287,张三1287
1288,张三1288
1289,张三1289
1290,张三1290
1291,张三1291
1292,张三1292
1293,张三1293
1294,张三1294
1295,张三1295
1296,张三1296
1297,张三1297
1298,张三1298
1299,张三1299
1300,张三1300
1301,张三1301
1302,张三1302
1303,张三1303
1304,张三1304
1305,张三1305
1306,张三1306
1307,张三1307
1308,张三1308
1309,张三1309
1310,张三1310
1311,张三1311
1312,张三1312
1313,张三1313
1314,张三1314
1315,张三1315
1316,张三1316
1317,张三1317
1318,张三1318
1319,张三1319
1320,张三1320
1321,张三1321
1322,张三1322
1323,张三1323
1324,张三1324
1325,张三1325
1326,张三1326
1327,张三1327
1328,张三1328
1329,张三1329
1330,张三1330
1331,张三1331
1332,张三1332
1333,张三1333
1334,张三1334
1335,张三1335
1336,张三1336
1337,张三1337
1338,张三1338
1339,张三1339
1340,张三1340
1341,张三1341
1342,张三1342
1343,张三1343
1344,张三1344
1345,张三1345
1346,张三1346
1347,张三1347
1348,张三1348
1349,张三1349
1350,张三1350
1351,张三1351
1352,张三1352
1353,张三1353
1354,张三1354
1355,张三1355
1356,张三1356
1357,张三1357
1358,张三1358
1359,张三1359
1360,张三1360
1361,张三1361
1362,张三1362
1363,张三1363
1364,张三1364
1365,张三1365
1366,张三1366
1367,张三1367
1368,张三1368
1369,张三1369
1370,张三1370
1371,张三1371
1372,张三1372
1373,张三1373
1374,张三1374
1375,张三1375
1376,张三1376
1377,张三1377
1378,张三1378
1379,张三1379
1380,张三1380
1381,张三1381
1382,张三1382
1383,张三1383
1384,张三1384
1385,张三1385
1386,张三1386
1387,张三1387
1388,张三1388
1389,张三1389
1390,张三1390
1391,张三1391
1392,张三1392
1393,张三1393
1394,张三1394
1395,张三1395
1396,张三1396
1397,张三1397
1398,张三1398
1399,张三1399
1400,张三1400
1401,张三1401
1402,张三1402
1403,张三1403
1404,张三1404
1405,张三1405
1406,张三1406
1407,张三1407
1408,张三1408
1409,张三1409
1410,张三1410
1411,张三1411
1412,张三1412
1413,张三1413
1414,张三1414
1415,张三1415
1416,张三1416
1417,张三1417
1418,张三1418
1419,张三1419
1420,张三1420
1421,张三1421
1422,张三1422
1423,张三1423
1424,张三1424
1425,张三1425
1426,张三1426
1427,张三1427
1428,张三1428
1429,张三1429
1430,张三1430
1431,张三1431
1432,张三1432
1433,张三1433
1434,张三1434
1435,张三1435
1436,张三1436
1437,张三1437
1438,张三1438
1439,张三1439
1440,张三1440
1441,张三1441
1442,张三1442
1443,张三1443
1444,张三1444
1445,张三1445
1446,张三1446
1447,张三1447
1448,张三1448
1449,张三1449
1450,张三1450
1451,张三1451
1452,张三1452
1453,张三1453
1454,张三1454
1455,张三1455
1456,张三1456
1457,张三1457
1458,张三1458
1459,张三1459
1460,张三1460
1461,张三1461
1462,张三1462
1463,张三1463
1464,张三1464
1465,张三1465
1466,张三1466
1467,张三1467
1468,张三1468
1469,张三1469
1470,张三1470
1471,张三1471
1472,张三1472
1473,张三1473
1474,张三1474
1475,张三1475
1476,张三1476
1477,张三1477
1478,张三1478
1479,张三1479
1480,张三1480
1481,张三1481
1482,张三1482
1483,张三1483
1484,张三1484
1485,张三1485
1486,张三1486
1487,张三1487
1488,张三1488
1489,张三1489
1490,张三1490
1491,张三1491
1492,张三1492
1493,张三1493
1494,张三1494
1495,张三1495
1496,张三1496
1497,张三1497
1498,张三1498
1499,张三1499
1500,张三1500
1501,张三1501
1502,张三1502
1503,张三1503
1504,张三1504
1505,张三1505
1506,张三1506
1507,张三1507
1508,张三1508
1509,张三1509
1510,张三1510
1511,张三1511
1512,张三1512
1513,张三1513
1514,张三1514
1515,张三1515
1516,张三1516
1517,张三1517
1518,张三1518
1519,张三1519
1520,张三1520
1521,张三1521
1522,张三1522
1523,张三1523
1524,张三1524
1525,张三1525
1526,张三1526
1527,张三1527
1528,张三1528
1529,张三1529
1530,张三1530
1531,张三1531
1532,张三1532
1533,张三1533
1534,张三1534
1535,张三1535
1536,张三1536
1537,张三1537
1538,张三1538
1539,张三1539
1540,张三1540
1541,张三1541
1542,张三1542
1543,张三1543
1544,张三1544
1545,张三1545
1546,张三1546
1547,张三1547
1548,张三1548
1549,张三1549
1550,张三1550
1551,张三1551
1552,张三1552
1553,张三1553
1554,张三1554
1555,张三1555
1556,张三1556
1557,张三1557
1558,张三1558
1559,张三1559
1560,张三1560
1561,张三1561
1562,张三1562
1563,张三1563
1564,张三1564
1565,张三1565
1566,张三1566
1567,张三1567
1568,张三1568
1569,张三1569
1570,张三1570
1571,张三1571
1572,张三1572
1573,张三1573
1574,张三1574
1575,张三1575
1576,张三1576
1577,张三1577
1578,张三1578
1579,张三1579
1580,张三1580
1581,张三1581
1582,张三1582
1583,张三1583
1584,张三1584
1585,张三1585
1586,张三1586
1587,张三1587
1588,张三1588
1589,张三1589
1590,张三1590
1591,张三1591
1592,张三1592
1593,张三1593
1594,张三1594
1595,张三1595
1596,张三1596
1597,张三1597
1598,张三1598
1599,张三1599
1600,张三1600
1601,张三1601
1602,张三1602
1603,张三1603
1604,张三1604
1605,张三1605
1606,张三1606
1607,张三1607
1608,张三1608
1609,张三1609
1610,张三1610
1611,张三1611
1612,张三1612
1613,张三1613
1614,张三1614
1615,张三1615
1616,张三1616
1617,张三1617
1618,张三1618
1619,张三1619
1620,张三1620
1621,张三1621
1622,张三1622
1623,张三1623
1624,张三1624
1625,张三1625
1626,张三1626
1627,张三1627
1628,张三1628
1629,张三1629
1630,张三1630
1631,张三1631
1632,张三1632
1633,张三1633
1634,张三1634
1635,张三1635
1636,张三1636
1637,张三1637
1638,张三1638
1639,张三1639
1640,张三1640
1641,张三1641
1642,张三1642
1643,张三1643
1644,张三1644
1645,张三1645
1646,张三1646
1647,张三1647
1648,张三1648
1649,张三1649
1650,张三1650
1651,张三1651
1652,张三1652
1653,张三1653
1654,张三1654
1655,张三1655
1656,张三1656
1657,张三1657
1658,张三1658
1659,张三1659
1660,张三1660
1661,张三1661
1662,张三1662
1663,张三1663
1664,张三1664
1665,张三1665
1666,张三1666
1667,张三1667
1668,张三1668
1669,张三1669
1670,张三1670
1671,张三1671
1672,张三1672
1673,张三1673
1674,张三1674
1675,张三1675
1676,张三1676
1677,张三1677
1678,张三1678
1679,张三1679
1680,张三1680
1681,张三1681
1682,张三1682
1683,张三1683
1684,张三1684
1685,张三1685
1686,张三1686
1687,张三1687
1688,张三1688
1689,张三1689
1690,张三1690
1691,张三1691
1692,张三1692
1693,张三1693
1694,张三1694
1695,张三1695
1696,张三1696
1697,张三1697
1698,张三1698
1699,张三1699
1700,张三1700
1701,张三1701
1702,张三1702
1703,张三1703
1704,张三1704
1705,张三1705
1706,张三1706
1707,张三1707
1708,张三1708
1709,张三1709
1710,张三1710
1711,张三1711
1712,张三1712
1713,张三1713
1714,张三1714
1715,张三1715
1716,张三1716
1717,张三1717
1718,张三1718
1719,张三1719
1720,张三1720
1721,张三1721
1722,张三1722
1723,张三1723
1724,张三1724
1725,张三1725
1726,张三1726
1727,张三1727
1728,张三1728
1729,张三1729
1730,张三1730
1731,张三1731
1732,张三1732
1733,张三1733
1734,张三1734
1735,张三1735
1736,张三1736
1737,张三1737
1738,张三1738
1739,张三1739
1740,张三1740
1741,张三1741
1742,张三1742
1743,张三1743
1744,张三1744
1745,张三1745
1746,张三1746
1747,张三1747
1748,张三1748
1749,张三1749
1750,张三1750
1751,张三1751
1752,张三1752
1753,张三1753
1754,张三1754
1755,张三1755
1756,张三1756
1757,张三1757
1758,张三1758
1759,张三1759
1760,张三1760
1761,张三1761
1762,张三1762
1763,张三1763
1764,张三1764
1765,张三1765
1766,张三1766
1767,张三1767
1768,张三1768
1769,张三1769
1770,张三1770
1771,张三1771
1772,张三1772
1773,张三1773
1774,张三1774
1775,张三1775
1776,张三1776
1777,张三1777
1778,张三1778
1779,张三1779
1780,张三1780
1781,张三1781
1782,张三1782
1783,张三1783
1784,张三1784
1785,张三1785
1786,张三1786
1787,张三1787
1788,张三1788
1789,张三1789
1790,张三1790
1791,张三1791
1792,张三1792
1793,张三1793
1794,张三1794
1795,张三1795
1796,张三1796
1797,张三1797
1798,张三1798
1799,张三1799
1800,张三1800
1801,张三1801
1802,张三1802
1803,张三1803
1804,张三1804
1805,张三1805
1806,张三1806
1807,张三1807
1808,张三1808
1809,张三1809
1810,张三1810
1811,张三1811
1812,张三1812
1813,张三1813
1814,张三1814
1815,张三1815
1816,张三1816
1817,张三1817
1818,张三1818
1819,张三1819
1820,张三1820
1821,张三1821
1822,张三1822
1823,张三1823
1824,张三1824
1825,张三1825
1826,张三1826
1827,张三1827
1828,张三1828
1829,张三1829
1830,张三1830
1831,张三1831
1832,张三1832
1833,张三1833
1834,张三1834
1835,张三1835
1836,张三1836
1837,张三1837
1838,张三1838
1839,张三1839
1840,张三1840
1841,张三1841
1842,张三1842
1843,张三1843
1844,张三1844
1845,张三1845
1846,张三1846
1847,张三1847
1848,张三1848
1849,张三1849
1850,张三1850
1851,张三1851
1852,张三1852
1853,张三1853
1854,张三1854
1855,张三1855
1856,张三1856
1857,张三1857
1858,张三1858
1859,张三1859
1860,张三1860
1861,张三1861
1862,张三1862
1863,张三1863
1864,张三1864
1865,张三1865
1866,张三1866
1867,张三1867
1868,张三1868
1869,张三1869
1870,张三1870
1871,张三1871
1872,张三1872
1873,张三1873
1874,张三1874
1875,张三1875
1876,张三1876
1877,张三1877
1878,张三1878
1879,张三1879
1880,张三1880
1881,张三1881
1882,张三1882
1883,张三1883
1884,张三1884
1885,张三1885
1886,张三1886
1887,张三1887
1888,张三1888
1889,张三1889
1890,张三1890
1891,张三1891
1892,张三1892
1893,张三1893
1894,张三1894
1895,张三1895
1896,张三1896
1897,张三1897
1898,张三1898
1899,张三1899
1900,张三1900
1901,张三1901
1902,张三1902
1903,张三1903
1904,张三1904
1905,张三1905
1906,张三1906
1907,张三1907
1908,张三1908
1909,张三1909
1910,张三1910
1911,张三1911
1912,张三1912
1913,张三1913
1914,张三1914
1915,张三1915
1916,张三1916
1917,张三1917
1918,张三1918
1919,张三1919
1920,张三1920
1921,张三1921
1922,张三1922
1923,张三1923
1924,张三1924
1925,张三1925
1926,张三1926
1927,张三1927
1928,张三1928
1929,张三1929
1930,张三1930
1931,张三1931
1932,张三1932
1933,张三1933
1934,张三1934
1935,张三1935
1936,张三1936
1937,张三1937
1938,张三1938
1939,张三1939
1940,张三1940
1941,张三1941
1942,张三1942
1943,张三1943
1944,张三1944
1945,张三1945
1946,张三1946
1947,张三1947
1948,张三1948
1949,张三1949
1950,张三1950
1951,张三1951
1952,张三1952
1953,张三1953
1954,张三1954
1955,张三1955
1956,张三1956
1957,张三1957
1958,张三1958
1959,张三1959
1960,张三1960
1961,张三1961
1962,张三1962
1963,张三1963
1964,张三1964
1965,张三1965
1966,张三1966
1967,张三1967
1968,张三1968
1969,张三1969
1970,张三1970
1971,张三1971
1972,张三1972
1973,张三1973
1974,张三1974
1975,张三1975
1976,张三1976
1977,张三1977
1978,张三1978
1979,张三1979
1980,张三1980
1981,张三1981
1982,张三1982
1983,张三1983
1984,张三1984
1985,张三1985
1986,张三1986
1987,张三1987
1988,张三1988
1989,张三1989
1990,张三1990
1991,张三1991
1992,张三1992
1993,张三1993
1994,张三1994
1995,张三1995
1996,张三1996
1997,张三1997
1998,张三1998
1999,张三1999
2000,张三2000
2001,张三2001
2002,张三2002
2003,张三2003
2004,张三2004
2005,张三2005
2006,张三2006
2007,张三2007
2008,张三2008
2009,张三2009
2010,张三2010
2011,张三2011
2012,张三2012
2013,张三2013
2014,张三2014
2015,张三2015
2016,张三2016
2017,张三2017
2018,张三2018
2019,张三2019
2020,张三2020
2021,张三2021
2022,张三2022
2023,张三2023
2024,张三2024
2025,张三2025
2026,张三2026
2027,张三2027
2028,张三2028
2029,张三2029
2030,张三2030
2031,张三2031
2032,张三2032
2033,张三2033
2034,张三2034
2035,张三2035
2036,张三2036
2037,张三2037
2038,张三2038
2039,张三2039
2040,张三2040
2041,张三2041
2042,张三2042
2043,张三2043
2044,张三2044
2045,张三2045
2046,张三2046
2047,张三2047
2048,张三2048
2049,张三2049
2050,张三2050
2051,张三2051
2052,张三2052
2053,张三2053
2054,张三2054
2055,张三2055
2056,张三2056
2057,张三2057
2058,张三2058
2059,张三2059
2060,张三2060
2061,张三2061
2062,张三2062
2063,张三2063
2064,张三2064
2065,张三2065
2066,张三2066
2067,张三2067
2068,张三2068
2069,张三2069
2070,张三2070
2071,张三2071
2072,张三2072
2073,张三2073
2074,张三2074
2075,张三2075
2076,张三2076
2077,张三2077
2078,张三2078
2079,张三2079
2080,张三2080
2081,张三2081
2082,张三2082
2083,张三2083
2084,张三2084
2085,张三2085
2086,张三2086
2087,张三2087
2088,张三2088
2089,张三2089
2090,张三2090
2091,张三2091
2092,张三2092
2093,张三2093
2094,张三2094
2095,张三2095
2096,张三2096
2097,张三2097
2098,张三2098
2099,张三2099
2100,张三2100
2101,张三2101
2102,张三2102
2103,张三2103
2104,张三2104
2105,张三2105
2106,张三2106
2107,张三2107
2108,张三2108
2109,张三2109
2110,张三2110
2111,张三2111
2112,张三2112
2113,张三2113
2114,张三2114
2115,张三2115
2116,张三2116
2117,张三2117
2118,张三2118
2119,张三2119
2120,张三2120
2121,张三2121
2122,张三2122
2123,张三2123
2124,张三2124
2125,张三2125
2126,张三2126
2127,张三2127
2128,张三2128
2129,张三2129
2130,张三2130
2131,张三2131
2132,张三2132
2133,张三2133
2134,张三2134
2135,张三2135
2136,张三2136
2137,张三2137
2138,张三2138
2139,张三2139
2140,张三2140
2141,张三2141
2142,张三2142
2143,张三2143
2144,张三2144
2145,张三2145
2146,张三2146
2147,张三2147
2148,张三2148
2149,张三2149
2150,张三2150
2151,张三2151
2152,张三2152
2153,张三2153
2154,张三2154
2155,张三2155
2156,张三2156
2157,张三2157
2158,张三2158
2159,张三2159
2160,张三2160
2161,张三2161
2162,张三2162
2163,张三2163
2164,张三2164
2165,张三2165
2166,张三2166
2167,张三2167
2168,张三2168
2169,张三2169
2170,张三2170
2171,张三2171
2172,张三2172
2173,张三2173
2174,张三2174
2175,张三2175
2176,张三2176
2177,张三2177
2178,张三2178
2179,张三2179
2180,张三2180
2181,张三2181
2182,张三2182
2183,张三2183
2184,张三2184
2185,张三2185
2186,张三2186
2187,张三2187
2188,张三2188
2189,张三2189
2190,张三2190
2191,张三2191
2192,张三2192
2193,张三2193
2194,张三2194
2195,张三2195
2196,张三2196
2197,张三2197
2198,张三2198
2199,张三2199
2200,张三2200
2201,张三2201
2202,张三2202
2203,张三2203
2204,张三2204
2205,张三2205
2206,张三2206
2207,张三2207
2208,张三2208
2209,张三2209
2210,张三2210
2211,张三2211
2212,张三2212
2213,张三2213
2214,张三2214
2215,张三2215
2216,张三2216
2217,张三2217
2218,张三2218
2219,张三2219
2220,张三2220
2221,张三2221
2222,张三2222
2223,张三2223
2224,张三2224
2225,张三2225
2226,张三2226
2227,张三2227
2228,张三2228
2229,张三2229
2230,张三2230
2231,张三2231
2232,张三2232
2233,张三2233
2234,张三2234
2235,张三2235
2236,张三2236
2237,张三2237
2238,张三2238
2239,张三2239
2240,张三2240
2241,张三2241
2242,张三2242
2243,张三2243
2244,张三2244
2245,张三2245
2246,张三2246
2247,张三2247
2248,张三2248
2249,张三2249
2250,张三2250
2251,张三2251
2252,张三2252
2253,张三2253
2254,张三2254
2255,张三2255
2256,张三2256
2257,张三2257
2258,张三2258
2259,张三2259
2260,张三2260
2261,张三2261
2262,张三2262
2263,张三2263
2264,张三2264
2265,张三2265
2266,张三2266
2267,张三2267
2268,张三2268
2269,张三2269
2270,张三2270
2271,张三2271
2272,张三2272
2273,张三2273
2274,张三2274
2275,张三2275
2276,张三2276
2277,张三2277
2278,张三2278
2279,张三2279
2280,张三2280
2281,张三2281
2282,张三2282
2283,张三2283
2284,张三2284
2285,张三2285
2286,张三2286
2287,张三2287
2288,张三2288
2289,张三2289
2290,张三2290
2291,张三2291
2292,张三2292
2293,张三2293
2294,张三2294
2295,张三2295
2296,张三2296
2297,张三2297
2298,张三2298
2299,张三2299
2300,张三2300
2301,张三2301
2302,张三2302
2303,张三2303
2304,张三2304
2305,张三2305
2306,张三2306
2307,张三2307
2308,张三2308
2309,张三2309
2310,张三2310
2311,张三2311
2312,张三2312
2313,张三2313
2314,张三2314
2315,张三2315
2316,张三2316
2317,张三2317
2318,张三2318
2319,张三2319
2320,张三2320
2321,张三2321
2322,张三2322
2323,张三2323
2324,张三2324
2325,张三2325
2326,张三2326
2327,张三2327
2328,张三2328
2329,张三2329
2330,张三2330
2331,张三2331
2332,张三2332
2333,张三2333
2334,张三2334
2335,张三2335
2336,张三2336
2337,张三2337
2338,张三2338
2339,张三2339
2340,张三2340
2341,张三2341
2342,张三2342
2343,张三2343
2344,张三2344
2345,张三2345
2346,张三2346
2347,张三2347
2348,张三2348
2349,张三2349
2350,张三2350
2351,张三2351
2352,张三2352
2353,张三2353
2354,张三2354
2355,张三2355
2356,张三2356
2357,张三2357
2358,张三2358
2359,张三2359
2360,张三2360
2361,张三2361
2362,张三2362
2363,张三2363
2364,张三2364
2365,张三2365
2366,张三2366
2367,张三2367
2368,张三2368
2369,张三2369
2370,张三2370
2371,张三2371
2372,张三2372
2373,张三2373
2374,张三2374
2375,张三2375
2376,张三2376
2377,张三2377
2378,张三2378
2379,张三2379
2380,张三2380
2381,张三2381
2382,张三2382
2383,张三2383
2384,张三2384
2385,张三2385
2386,张三2386
2387,张三2387
2388,张三2388
2389,张三2389
2390,张三2390
2391,张三2391
2392,张三2392
2393,张三2393
2394,张三2394
2395,张三2395
2396,张三2396
2397,张三2397
2398,张三2398
2399,张三2399
2400,张三2400
2401,张三2401
2402,张三2402
2403,张三2403
2404,张三2404
2405,张三2405
2406,张三2406
2407,张三2407
2408,张三2408
2409,张三2409
2410,张三2410
2411,张三2411
2412,张三2412
2413,张三2413
2414,张三2414
2415,张三2415
2416,张三2416
2417,张三2417
2418,张三2418
2419,张三2419
2420,张三2420
2421,张三2421
2422,张三2422
2423,张三2423
2424,张三2424
2425,张三2425
2426,张三2426
2427,张三2427
2428,张三2428
2429,张三2429
2430,张三2430
2431,张三2431
2432,张三2432
2433,张三2433
2434,张三2434
2435,张三2435
2436,张三2436
2437,张三2437
2438,张三2438
2439,张三2439
2440,张三2440
2441,张三2441
2442,张三2442
2443,张三2443
2444,张三2444
2445,张三2445
2446,张三2446
2447,张三2447
2448,张三2448
2449,张三2449
2450,张三2450
2451,张三2451
2452,张三2452
2453,张三2453
2454,张三2454
2455,张三2455
2456,张三2456
2457,张三2457
2458,张三2458
2459,张三2459
2460,张三2460
2461,张三2461
2462,张三2462
2463,张三2463
2464,张三2464
2465,张三2465
2466,张三2466
2467,张三2467
2468,张三2468
2469,张三2469
2470,张三2470
2471,张三2471
2472,张三2472
2473,张三2473
2474,张三2474
2475,张三2475
2476,张三2476
2477,张三2477
2478,张三2478
2479,张三2479
2480,张三2480
2481,张三2481
2482,张三2482
2483,张三2483
2484,张三2484
2485,张三2485
2486,张三2486
2487,张三2487
2488,张三2488
2489,张三2489
2490,张三2490
2491,张三2491
2492,张三2492
2493,张三2493
2494,张三2494
2495,张三2495
2496,张三2496
2497,张三2497
2498,张三2498
2499,张三2499
2500,张三2500
2501,张三2501
2502,张三2502
2503,张三2503
2504,张三2504
2505,张三2505
2506,张三2506
2507,张三2507
2508,张三2508
2509,张三2509
2510,张三2510
2511,张三2511
2512,张三2512
2513,张三2513
2514,张三2514
2515,张三2515
2516,张三2516
2517,张三2517
2518,张三2518
2519,张三2519
2520,张三2520
2521,张三2521
2522,张三2522
2523,张三2523
2524,张三2524
2525,张三2525
2526,张三2526
2527,张三2527
2528,张三2528
2529,张三2529
2530,张三2530
2531,张三2531
2532,张三2532
2533,张三2533
2534,张三2534
2535,张三2535
2536,张三2536
2537,张三2537
2538,张三2538
2539,张三2539
2540,张三2540
2541,张三2541
2542,张三2542
2543,张三2543
2544,张三2544
2545,张三2545
2546,张三2546
2547,张三2547
2548,张三2548
2549,张三2549
2550,张三2550
2551,张三2551
2552,张三2552
2553,张三2553
2554,张三2554
2555,张三2555
2556,张三2556
2557,张三2557
2558,张三2558
2559,张三2559
2560,张三2560
2561,张三2561
2562,张三2562
2563,张三2563
2564,张三2564
2565,张三2565
2566,张三2566
2567,张三2567
2568,张三2568
2569,张三2569
2570,张三2570
2571,张三2571
2572,张三2572
2573,张三2573
2574,张三2574
2575,张三2575
2576,张三2576
2577,张三2577
2578,张三2578
2579,张三2579
2580,张三2580
2581,张三2581
2582,张三2582
2583,张三2583
2584,张三2584
2585,张三2585
2586,张三2586
2587,张三2587
2588,张三2588
2589,张三2589
2590,张三2590
2591,张三2591
2592,张三2592
2593,张三2593
2594,张三2594
2595,张三2595
2596,张三2596
2597,张三2597
2598,张三2598
2599,张三2599
2600,张三2600
2601,张三2601
2602,张三2602
2603,张三2603
2604,张三2604
2605,张三2605
2606,张三2606
2607,张三2607
2608,张三2608
2609,张三2609
2610,张三2610
2611,张三2611
2612,张三2612
2613,张三2613
2614,张三2614
2615,张三2615
2616,张三2616
2617,张三2617
2618,张三2618
2619,张三2619
2620,张三2620
2621,张三2621
2622,张三2622
2623,张三2623
2624,张三2624
2625,张三2625
2626,张三2626
2627,张三2627
2628,张三2628
2629,张三2629
2630,张三2630
2631,张三2631
2632,张三2632
2633,张三2633
2634,张三2634
2635,张三2635
2636,张三2636
2637,张三2637
2638,张三2638
2639,张三2639
2640,张三2640
2641,张三2641
2642,张三2642
2643,张三2643
2644,张三2644
2645,张三2645
2646,张三2646
2647,张三2647
2648,张三2648
2649,张三2649
2650,张三2650
2651,张三2651
2652,张三2652
2653,张三2653
2654,张三2654
2655,张三2655
2656,张三2656
2657,张三2657
2658,张三2658
2659,张三2659
2660,张三2660
2661,张三2661
2662,张三2662
2663,张三2663
2664,张三2664
2665,张三2665
2666,张三2666
2667,张三2667
2668,张三2668
2669,张三2669
2670,张三2670
2671,张三2671
2672,张三2672
2673,张三2673
2674,张三2674
2675,张三2675
2676,张三2676
2677,张三2677
2678,张三2678
2679,张三2679
2680,张三2680
2681,张三2681
2682,张三2682
2683,张三2683
2684,张三2684
2685,张三2685
2686,张三2686
2687,张三2687
2688,张三2688
2689,张三2689
2690,张三2690
2691,张三2691
2692,张三2692
2693,张三2693
2694,张三2694
2695,张三2695
2696,张三2696
2697,张三2697
2698,张三2698
2699,张三2699
2700,张三2700
2701,张三2701
2702,张三2702
2703,张三2703
2704,张三2704
2705,张三2705
2706,张三2706
2707,张三2707
2708,张三2708
2709,张三2709
2710,张三2710
2711,张三2711
2712,张三2712
2713,张三2713
2714,张三2714
2715,张三2715
2716,张三2716
2717,张三2717
2718,张三2718
2719,张三2719
2720,张三2720
2721,张三2721
2722,张三2722
2723,张三2723
2724,张三2724
2725,张三2725
2726,张三2726
2727,张三2727
2728,张三2728
2729,张三2729
2730,张三2730
2731,张三2731
2732,张三2732
2733,张三2733
2734,张三2734
2735,张三2735
2736,张三2736
2737,张三2737
2738,张三2738
2739,张三2739
2740,张三2740
2741,张三2741
2742,张三2742
2743,张三2743
2744,张三2744
2745,张三2745
2746,张三2746
2747,张三2747
2748,张三2748
2749,张三2749
2750,张三2750
2751,张三2751
2752,张三2752
2753,张三2753
2754,张三2754
2755,张三2755
2756,张三2756
2757,张三2757
2758,张三2758
2759,张三2759
2760,张三2760
2761,张三2761
2762,张三2762
2763,张三2763
2764,张三2764
2765,张三2765
2766,张三2766
2767,张三2767
2768,张三2768
2769,张三2769
2770,张三2770
2771,张三2771
2772,张三2772
2773,张三2773
2774,张三2774
2775,张三2775
2776,张三2776
2777,张三2777
2778,张三2778
2779,张三2779
2780,张三2780
2781,张三2781
2782,张三2782
2783,张三2783
2784,张三2784
2785,张三2785
2786,张三2786
2787,张三2787
2788,张三2788
2789,张三2789
2790,张三2790
2791,张三2791
2792,张三2792
2793,张三2793
2794,张三2794
2795,张三2795
2796,张三2796
2797,张三2797
2798,张三2798
2799,张三2799
2800,张三2800
2801,张三2801
2802,张三2802
2803,张三2803
2804,张三2804
2805,张三2805
2806,张三2806
2807,张三2807
2808,张三2808
2809,张三2809
2810,张三2810
2811,张三2811
2812,张三2812
2813,张三2813
2814,张三2814
2815,张三2815
2816,张三2816
2817,张三2817
2818,张三2818
2819,张三2819
2820,张三2820
2821,张三2821
2822,张三2822
2823,张三2823
2824,张三2824
2825,张三2825
2826,张三2826
2827,张三2827
2828,张三2828
2829,张三2829
2830,张三2830
2831,张三2831
2832,张三2832
2833,张三2833
2834,张三2834
2835,张三2835
2836,张三2836
2837,张三2837
2838,张三2838
2839,张三2839
2840,张三2840
2841,张三2841
2842,张三2842
2843,张三2843
2844,张三2844
2845,张三2845
2846,张三2846
2847,张三2847
2848,张三2848
2849,张三2849
2850,张三2850
2851,张三2851
2852,张三2852
2853,张三2853
2854,张三2854
2855,张三2855
2856,张三2856
2857,张三2857
2858,张三2858
2859,张三2859
2860,张三2860
2861,张三2861
2862,张三2862
2863,张三2863
2864,张三2864
2865,张三2865
2866,张三2866
2867,张三2867
2868,张三2868
2869,张三2869
2870,张三2870
2871,张三2871
2872,张三2872
2873,张三2873
2874,张三2874
2875,张三2875
2876,张三2876
2877,张三2877
2878,张三2878
2879,张三2879
2880,张三2880
2881,张三2881
2882,张三2882
2883,张三2883
2884,张三2884
2885,张三2885
2886,张三2886
2887,张三2887
2888,张三2888
2889,张三2889
2890,张三2890
2891,张三2891
2892,张三2892
2893,张三2893
2894,张三2894
2895,张三2895
2896,张三2896
2897,张三2897
2898,张三2898
2899,张三2899
2900,张三2900
2901,张三2901
2902,张三2902
2903,张三2903
2904,张三2904
2905,张三2905
2906,张三2906
2907,张三2907
2908,张三2908
2909,张三2909
2910,张三2910
2911,张三2911
2912,张三2912
2913,张三2913
2914,张三2914
2915,张三2915
2916,张三2916
2917,张三2917
2918,张三2918
2919,张三2919
2920,张三2920
2921,张三2921
2922,张三2922
2923,张三2923
2924,张三2924
2925,张三2925
2926,张三2926
2927,张三2927
2928,张三2928
2929,张三2929
2930,张三2930
2931,张三2931
2932,张三2932
2933,张三2933
2934,张三2934
2935,张三2935
2936,张三2936
2937,张三2937
2938,张三2938
2939,张三2939
2940,张三2940
2941,张三2941
2942,张三2942
2943,张三2943
2944,张三2944
2945,张三2945
2946,张三2946
2947,张三2947
2948,张三2948
2949,张三2949
2950,张三2950
2951,张三2951
2952,张三2952
2953,张三2953
2954,张三2954
2955,张三2955
2956,张三2956
2957,张三2957
2958,张三2958
2959,张三2959
2960,张三2960
2961,张三2961
2962,张三2962
2963,张三2963
2964,张三2964
2965,张三2965
2966,张三2966
2967,张三2967
2968,张三2968
2969,张三2969
2970,张三2970
2971,张三2971
2972,张三2972
2973,张三2973
2974,张三2974
2975,张三2975
2976,张三2976
2977,张三2977
2978,张三2978
2979,张三2979
2980,张三2980
2981,张三2981
2982,张三2982
2983,张三2983
2984,张三2984
2985,张三2985
2986,张三2986
2987,张三2987
2988,张三2988
2989,张三2989
2990,张三2990
2991,张三2991
2992,张三2992
2993,张三2993
2994,张三2994
2995,张三2995
2996,张三2996
2997,张三2997
2998,张三2998
2999,张三2999
3000,张三3000
3001,张三3001
3002,张三3002
3003,张三3003
3004,张三3004
3005,张三3005
3006,张三3006
3007,张三3007
3008,张三3008
3009,张三3009
3010,张三3010
3011,张三3011
3012,张三3012
3013,张三3013
3014,张三3014
3015,张三3015
3016,张三3016
3017,张三3017
3018,张三3018
3019,张三3019
3020,张三3020
3021,张三3021
3022,张三3022
3023,张三3023
3024,张三3024
3025,张三3025
3026,张三3026
3027,张三3027
3028,张三3028
3029,张三3029
3030,张三3030
3031,张三3031
3032,张三3032
3033,张三3033
3034,张三3034
3035,张三3035
3036,张三3036
3037,张三3037
3038,张三3038
3039,张三3039
3040,张三3040
3041,张三3041
3042,张三3042
3043,张三3043
3044,张三3044
3045,张三3045
3046,张三3046
3047,张三3047
3048,张三3048
3049,张三3049
3050,张三3050
3051,张三3051
3052,张三3052
3053,张三3053
3054,张三3054
3055,张三3055
3056,张三3056
3057,张三3057
3058,张三3058
3059,张三3059
3060,张三3060
3061,张三3061
3062,张三3062
3063,张三3063
3064,张三3064
3065,张三3065
3066,张三3066
3067,张三3067
3068,张三3068
3069,张三3069
3070,张三3070
3071,张三3071
3072,张三3072
3073,张三3073
3074,张三3074
3075,张三3075
3076,张三3076
3077,张三3077
3078,张三3078
3079,张三3079
3080,张三3080
3081,张三3081
3082,张三3082
3083,张三3083
3084,张三3084
3085,张三3085
3086,张三3086
3087,张三3087
3088,张三3088
3089,张三3089
3090,张三3090
3091,张三3091
3092,张三3092
3093,张三3093
3094,张三3094
3095,张三3095
3096,张三3096
3097,张三3097
3098,张三3098
3099,张三3099
3100,张三3100
3101,张三3101
3102,张三3102
3103,张三3103
3104,张三3104
3105,张三3105
3106,张三3106
3107,张三3107
3108,张三3108
3109,张三3109
3110,张三3110
3111,张三3111
3112,张三3112
3113,张三3113
3114,张三3114
3115,张三3115
3116,张三3116
3117,张三3117
3118,张三3118
3119,张三3119
3120,张三3120
3121,张三3121
3122,张三3122
3123,张三3123
3124,张三3124
3125,张三3125
3126,张三3126
3127,张三3127
3128,张三3128
3129,张三3129
3130,张三3130
3131,张三3131
3132,张三3132
3133,张三3133
3134,张三3134
3135,张三3135
3136,张三3136
3137,张三3137
3138,张三3138
3139,张三3139
3140,张三3140
3141,张三3141
3142,张三3142
3143,张三3143
3144,张三3144
3145,张三3145
3146,张三3146
3147,张三3147
3148,张三3148
3149,张三3149
3150,张三3150
3151,张三3151
3152,张三3152
3153,张三3153
3154,张三3154
3155,张三3155
3156,张三3156
3157,张三3157
3158,张三3158
3159,张三3159
3160,张三3160
3161,张三3161
3162,张三3162
3163,张三3163
3164,张三3164
3165,张三3165
3166,张三3166
3167,张三3167
3168,张三3168
3169,张三3169
3170,张三3170
3171,张三3171
3172,张三3172
3173,张三3173
3174,张三3174
3175,张三3175
3176,张三3176
3177,张三3177
3178,张三3178
3179,张三3179
3180,张三3180
3181,张三3181
3182,张三3182
3183,张三3183
3184,张三3184
3185,张三3185
3186,张三3186
3187,张三3187
3188,张三3188
3189,张三3189
3190,张三3190
3191,张三3191
3192,张三3192
3193,张三3193
3194,张三3194
3195,张三3195
3196,张三3196
3197,张三3197
3198,张三3198
3199,张三3199
3200,张三3200
3201,张三3201
3202,张三3202
3203,张三3203
3204,张三3204
3205,张三3205
3206,张三3206
3207,张三3207
3208,张三3208
3209,张三3209
3210,张三3210
3211,张三3211
3212,张三3212
3213,张三3213
3214,张三3214
3215,张三3215
3216,张三3216
3217,张三3217
3218,张三3218
3219,张三3219
3220,张三3220
3221,张三3221
3222,张三3222
3223,张三3223
3224,张三3224
3225,张三3225
3226,张三3226
3227,张三3227
3228,张三3228
3229,张三3229
3230,张三3230
3231,张三3231
3232,张三3232
3233,张三3233
3234,张三3234
3235,张三3235
3236,张三3236
3237,张三3237
3238,张三3238
3239,张三3239
3240,张三3240
3241,张三3241
3242,张三3242
3243,张三3243
3244,张三3244
3245,张三3245
3246,张三3246
3247,张三3247
3248,张三3248
3249,张三3249
3250,张三3250
3251,张三3251
3252,张三3252
3253,张三3253
3254,张三3254
3255,张三3255
3256,张三3256
3257,张三3257
3258,张三3258
3259,张三3259
3260,张三3260
3261,张三3261
3262,张三3262
3263,张三3263
3264,张三3264
3265,张三3265
3266,张三3266
3267,张三3267
3268,张三3268
3269,张三3269
3270,张三3270
3271,张三3271
3272,张三3272
3273,张三3273
3274,张三3274
3275,张三3275
3276,张三3276
3277,张三3277
3278,张三3278
3279,张三3279
3280,张三3280
3281,张三3281
3282,张三3282
3283,张三3283
3284,张三3284
3285,张三3285
3286,张三3286
3287,张三3287
3288,张三3288
3289,张三3289
3290,张三3290
3291,张三3291
3292,张三3292
3293,张三3293
3294,张三3294
3295,张三3295
3296,张三3296
3297,张三3297
3298,张三3298
3299,张三3299
3300,张三3300
3301,张三3301
3302,张三3302
3303,张三3303
3304,张三3304
3305,张三3305
3306,张三3306
3307,张三3307
3308,张三3308
3309,张三3309
3310,张三3310
3311,张三3311
3312,张三3312
3313,张三3313
3314,张三3314
3315,张三3315
3316,张三3316
3317,张三3317
3318,张三3318
3319,张三3319
3320,张三3320
3321,张三3321
3322,张三3322
3323,张三3323
3324,张三3324
3325,张三3325
3326,张三3326
3327,张三3327
3328,张三3328
3329,张三3329
3330,张三3330
3331,张三3331
3332,张三3332
3333,张三3333
3334,张三3334
3335,张三3335
3336,张三3336
3337,张三3337
3338,张三3338
3339,张三3339
3340,张三3340
3341,张三3341
3342,张三3342
3343,张三3343
3344,张三3344
3345,张三3345
3346,张三3346
3347,张三3347
3348,张三3348
3349,张三3349
3350,张三3350
3351,张三3351
3352,张三3352
3353,张三3353
3354,张三3354
3355,张三3355
3356,张三3356
3357,张三3357
3358,张三3358
3359,张三3359
3360,张三3360
3361,张三3361
3362,张三3362
3363,张三3363
3364,张三3364
3365,张三3365
3366,张三3366
3367,张三3367
3368,张三3368
3369,张三3369
3370,张三3370
3371,张三3371
3372,张三3372
3373,张三3373
3374,张三3374
3375,张三3375
3376,张三3376
3377,张三3377
3378,张三3378
3379,张三3379
3380,张三3380
3381,张三3381
3382,张三3382
3383,张三3383
3384,张三3384
3385,张三3385
3386,张三3386
3387,张三3387
3388,张三3388
3389,张三3389
3390,张三3390
3391,张三3391
3392,张三3392
3393,张三3393
3394,张三3394
3395,张三3395
3396,张三3396
3397,张三3397
3398,张三3398
3399,张三3399
3400,张三3400
3401,张三3401
3402,张三3402
3403,张三3403
3404,张三3404
3405,张三3405
3406,张三3406
3407,张三3407
3408,张三3408
3409,张三3409
3410,张三3410
3411,张三3411
3412,张三3412
3413,张三3413
3414,张三3414
3415,张三3415
3416,张三3416
3417,张三3417
3418,张三3418
3419,张三3419
3420,张三3420
3421,张三3421
3422,张三3422
3423,张三3423
3424,张三3424
3425,张三3425
3426,张三3426
3427,张三3427
3428,张三3428
3429,张三3429
3430,张三3430
3431,张三3431
3432,张三3432
3433,张三3433
3434,张三3434
3435,张三3435
3436,张三3436
3437,张三3437
3438,张三3438
3439,张三3439
3440,张三3440
3441,张三3441
3442,张三3442
3443,张三3443
3444,张三3444
3445,张三3445
3446,张三3446
3447,张三3447
3448,张三3448
3449,张三3449
3450,张三3450
3451,张三3451
3452,张三3452
3453,张三3453
3454,张三3454
3455,张三3455
3456,张三3456
3457,张三3457
3458,张三3458
3459,张三3459
3460,张三3460
3461,张三3461
3462,张三3462
3463,张三3463
3464,张三3464
3465,张三3465
3466,张三3466
3467,张三3467
3468,张三3468
3469,张三3469
3470,张三3470
3471,张三3471
3472,张三3472
3473,张三3473
3474,张三3474
3475,张三3475
3476,张三3476
3477,张三3477
3478,张三3478
3479,张三3479
3480,张三3480
3481,张三3481
3482,张三3482
3483,张三3483
3484,张三3484
3485,张三3485
3486,张三3486
3487,张三3487
3488,张三3488
3489,张三3489
3490,张三3490
3491,张三3491
3492,张三3492
3493,张三3493
3494,张三3494
3495,张三3495
3496,张三3496
3497,张三3497
3498,张三3498
3499,张三3499
3500,张三3500
3501,张三3501
3502,张三3502
3503,张三3503
3504,张三3504
3505,张三3505
3506,张三3506
3507,张三3507
3508,张三3508
3509,张三3509
3510,张三3510
3511,张三3511
3512,张三3512
3513,张三3513
3514,张三3514
3515,张三3515
3516,张三3516
3517,张三3517
3518,张三3518
3519,张三3519
3520,张三3520
3521,张三3521
3522,张三3522
3523,张三3523
3524,张三3524
3525,张三3525
3526,张三3526
3527,张三3527
3528,张三3528
3529,张三3529
3530,张三3530
3531,张三3531
3532,张三3532
3533,张三3533
3534,张三3534
3535,张三3535
3536,张三3536
3537,张三3537
3538,张三3538
3539,张三3539
3540,张三3540
3541,张三3541
3542,张三3542
3543,张三3543
3544,张三3544
3545,张三3545
3546,张三3546
3547,张三3547
3548,张三3548
3549,张三3549
3550,张三3550
3551,张三3551
3552,张三3552
3553,张三3553
3554,张三3554
3555,张三3555
3556,张三3556
3557,张三3557
3558,张三3558
3559,张三3559
3560,张三3560
3561,张三3561
3562,张三3562
3563,张三3563
3564,张三3564
3565,张三3565
3566,张三3566
3567,张三3567
3568,张三3568
3569,张三3569
3570,张三3570
3571,张三3571
3572,张三3572
3573,张三3573
3574,张三3574
3575,张三3575
3576,张三3576
3577,张三3577
3578,张三3578
3579,张三3579
3580,张三3580
3581,张三3581
3582,张三3582
3583,张三3583
3584,张三3584
3585,张三3585
3586,张三3586
3587,张三3587
3588,张三3588
3589,张三3589
3590,张三3590
3591,张三3591
3592,张三3592
3593,张三3593
3594,张三3594
3595,张三3595
3596,张三3596
3597,张三3597
3598,张三3598
3599,张三3599
3600,张三3600
3601,张三3601
3602,张三3602
3603,张三3603
3604,张三3604
3605,张三3605
3606,张三3606
3607,张三3607
3608,张三3608
3609,张三3609
3610,张三3610
3611,张三3611
3612,张三3612
3613,张三3613
3614,张三3614
3615,张三3615
3616,张三3616
3617,张三3617
3618,张三3618
3619,张三3619
3620,张三3620
3621,张三3621
3622,张三3622
3623,张三3623
3624,张三3624
3625,张三3625
3626,张三3626
3627,张三3627
3628,张三3628
3629,张三3629
3630,张三3630
3631,张三3631
3632,张三3632
3633,张三3633
3634,张三3634
3635,张三3635
3636,张三3636
3637,张三3637
3638,张三3638
3639,张三3639
3640,张三3640
3641,张三3641
3642,张三3642
3643,张三3643
3644,张三3644
3645,张三3645
3646,张三3646
3647,张三3647
3648,张三3648
3649,张三3649
3650,张三3650
3651,张三3651
3652,张三3652
3653,张三3653
3654,张三3654
3655,张三3655
3656,张三3656
3657,张三3657
3658,张三3658
3659,张三3659
3660,张三3660
3661,张三3661
3662,张三3662
3663,张三3663
3664,张三3664
3665,张三3665
3666,张三3666
3667,张三3667
3668,张三3668
3669,张三3669
3670,张三3670
3671,张三3671
3672,张三3672
3673,张三3673
3674,张三3674
3675,张三3675
3676,张三3676
3677,张三3677
3678,张三3678
3679,张三3679
3680,张三3680
3681,张三3681
3682,张三3682
3683,张三3683
3684,张三3684
3685,张三3685
3686,张三3686
3687,张三3687
3688,张三3688
3689,张三3689
3690,张三3690
3691,张三3691
3692,张三3692
3693,张三3693
3694,张三3694
3695,张三3695
3696,张三3696
3697,张三3697
3698,张三3698
3699,张三3699
3700,张三3700
3701,张三3701
3702,张三3702
3703,张三3703
3704,张三3704
3705,张三3705
3706,张三3706
3707,张三3707
3708,张三3708
3709,张三3709
3710,张三3710
3711,张三3711
3712,张三3712
3713,张三3713
3714,张三3714
3715,张三3715
3716,张三3716
3717,张三3717
3718,张三3718
3719,张三3719
3720,张三3720
3721,张三3721
3722,张三3722
3723,张三3723
3724,张三3724
3725,张三3725
3726,张三3726
3727,张三3727
3728,张三3728
3729,张三3729
3730,张三3730
3731,张三3731
3732,张三3732
3733,张三3733
3734,张三3734
3735,张三3735
3736,张三3736
3737,张三3737
3738,张三3738
3739,张三3739
3740,张三3740
3741,张三3741
3742,张三3742
3743,张三3743
3744,张三3744
3745,张三3745
3746,张三3746
3747,张三3747
3748,张三3748
3749,张三3749
3750,张三3750
3751,张三3751
3752,张三3752
3753,张三3753
3754,张三3754
3755,张三3755
3756,张三3756
3757,张三3757
3758,张三3758
3759,张三3759
3760,张三3760
3761,张三3761
3762,张三3762
3763,张三3763
3764,张三3764
3765,张三3765
3766,张三3766
3767,张三3767
3768,张三3768
3769,张三3769
3770,张三3770
3771,张三3771
3772,张三3772
3773,张三3773
3774,张三3774
3775,张三3775
3776,张三3776
3777,张三3777
3778,张三3778
3779,张三3779
3780,张三3780
3781,张三3781
3782,张三3782
3783,张三3783
3784,张三3784
3785,张三3785
3786,张三3786
3787,张三3787
3788,张三3788
3789,张三3789
3790,张三3790
3791,张三3791
3792,张三3792
3793,张三3793
3794,张三3794
3795,张三3795
3796,张三3796
3797,张三3797
3798,张三3798
3799,张三3799
3800,张三3800
3801,张三3801
3802,张三3802
3803,张三3803
3804,张三3804
3805,张三3805
3806,张三3806
3807,张三3807
3808,张三3808
3809,张三3809
3810,张三3810
3811,张三3811
3812,张三3812
3813,张三3813
3814,张三3814
3815,张三3815
3816,张三3816
3817,张三3817
3818,张三3818
3819,张三3819
3820,张三3820
3821,张三3821
3822,张三3822
3823,张三3823
3824,张三3824
3825,张三3825
3826,张三3826
3827,张三3827
3828,张三3828
3829,张三3829
3830,张三3830
3831,张三3831
3832,张三3832
3833,张三3833
3834,张三3834
3835,张三3835
3836,张三3836
3837,张三3837
3838,张三3838
3839,张三3839
3840,张三3840
3841,张三3841
3842,张三3842
3843,张三3843
3844,张三3844
3845,张三3845
3846,张三3846
3847,张三3847
3848,张三3848
3849,张三3849
3850,张三3850
3851,张三3851
3852,张三3852
3853,张三3853
3854,张三3854
3855,张三3855
3856,张三3856
3857,张三3857
3858,张三3858
3859,张三3859
3860,张三3860
3861,张三3861
3862,张三3862
3863,张三3863
3864,张三3864
3865,张三3865
3866,张三3866
3867,张三3867
3868,张三3868
3869,张三3869
3870,张三3870
3871,张三3871
3872,张三3872
3873,张三3873
3874,张三3874
3875,张三3875
3876,张三3876
3877,张三3877
3878,张三3878
3879,张三3879
3880,张三3880
3881,张三3881
3882,张三3882
3883,张三3883
3884,张三3884
3885,张三3885
3886,张三3886
3887,张三3887
3888,张三3888
3889,张三3889
3890,张三3890
3891,张三3891
3892,张三3892
3893,张三3893
3894,张三3894
3895,张三3895
3896,张三3896
3897,张三3897
3898,张三3898
3899,张三3899
3900,张三3900
3901,张三3901
3902,张三3902
3903,张三3903
3904,张三3904
3905,张三3905
3906,张三3906
3907,张三3907
3908,张三3908
3909,张三3909
3910,张三3910
3911,张三3911
3912,张三3912
3913,张三3913
3914,张三3914
3915,张三3915
3916,张三3916
3917,张三3917
3918,张三3918
3919,张三3919
3920,张三3920
3921,张三3921
3922,张三3922
3923,张三3923
3924,张三3924
3925,张三3925
3926,张三3926
3927,张三3927
3928,张三3928
3929,张三3929
3930,张三3930
3931,张三3931
3932,张三3932
3933,张三3933
3934,张三3934
3935,张三3935
3936,张三3936
3937,张三3937
3938,张三3938
3939,张三3939
3940,张三3940
3941,张三3941
3942,张三3942
3943,张三3943
3944,张三3944
3945,张三3945
3946,张三3946
3947,张三3947
3948,张三3948
3949,张三3949
3950,张三3950
3951,张三3951
3952,张三3952
3953,张三3953
3954,张三3954
3955,张三3955
3956,张三3956
3957,张三3957
3958,张三3958
3959,张三3959
3960,张三3960
3961,张三3961
3962,张三3962
3963,张三3963
3964,张三3964
3965,张三3965
3966,张三3966
3967,张三3967
3968,张三3968
3969,张三3969
3970,张三3970
3971,张三3971
3972,张三3972
3973,张三3973
3974,张三3974
3975,张三3975
3976,张三3976
3977,张三3977
3978,张三3978
3979,张三3979
3980,张三3980
3981,张三3981
3982,张三3982
3983,张三3983
3984,张三3984
3985,张三3985
3986,张三3986
3987,张三3987
3988,张三3988
3989,张三3989
3990,张三3990
3991,张三3991
3992,张三3992
3993,张三3993
3994,张三3994
3995,张三3995
3996,张三3996
3997,张三3997
3998,张三3998
3999,张三3999
4000,张三4000
4001,张三4001
4002,张三4002
4003,张三4003
4004,张三4004
4005,张三4005
4006,张三4006
4007,张三4007
4008,张三4008
4009,张三4009
4010,张三4010
4011,张三4011
4012,张三4012
4013,张三4013
4014,张三4014
4015,张三4015
4016,张三4016
4017,张三4017
4018,张三4018
4019,张三4019
4020,张三4020
4021,张三4021
4022,张三4022
4023,张三4023
4024,张三4024
4025,张三4025
4026,张三4026
4027,张三4027
4028,张三4028
4029,张三4029
4030,张三4030
4031,张三4031
4032,张三4032
4033,张三4033
4034,张三4034
4035,张三4035
4036,张三4036
4037,张三4037
4038,张三4038
4039,张三4039
4040,张三4040
4041,张三4041
4042,张三4042
4043,张三4043
4044,张三4044
4045,张三4045
4046,张三4046
4047,张三4047
4048,张三4048
4049,张三4049
4050,张三4050
4051,张三4051
4052,张三4052
4053,张三4053
4054,张三4054
4055,张三4055
4056,张三4056
4057,张三4057
4058,张三4058
4059,张三4059
4060,张三4060
4061,张三4061
4062,张三4062
4063,张三4063
4064,张三4064
4065,张三4065
4066,张三4066
4067,张三4067
4068,张三4068
4069,张三4069
4070,张三4070
4071,张三4071
4072,张三4072
4073,张三4073
4074,张三4074
4075,张三4075
4076,张三4076
4077,张三4077
4078,张三4078
4079,张三4079
4080,张三4080
4081,张三4081
4082,张三4082
4083,张三4083
4084,张三4084
4085,张三4085
4086,张三4086
4087,张三4087
4088,张三4088
4089,张三4089
4090,张三4090
4091,张三4091
4092,张三4092
4093,张三4093
4094,张三4094
4095,张三4095
4096,张三4096
4097,张三4097
4098,张三4098
4099,张三4099
4100,张三4100
4101,张三4101
4102,张三4102
4103,张三4103
4104,张三4104
4105,张三4105
4106,张三4106
4107,张三4107
4108,张三4108
4109,张三4109
4110,张三4110
4111,张三4111
4112,张三4112
4113,张三4113
4114,张三4114
4115,张三4115
4116,张三4116
4117,张三4117
4118,张三4118
4119,张三4119
4120,张三4120
4121,张三4121
4122,张三4122
4123,张三4123
4124,张三4124
4125,张三4125
4126,张三4126
4127,张三4127
4128,张三4128
4129,张三4129
4130,张三4130
4131,张三4131
4132,张三4132
4133,张三4133
4134,张三4134
4135,张三4135
4136,张三4136
4137,张三4137
4138,张三4138
4139,张三4139
4140,张三4140
4141,张三4141
4142,张三4142
4143,张三4143
4144,张三4144
4145,张三4145
4146,张三4146
4147,张三4147
4148,张三4148
4149,张三4149
4150,张三4150
4151,张三4151
4152,张三4152
4153,张三4153
4154,张三4154
4155,张三4155
4156,张三4156
4157,张三4157
4158,张三4158
4159,张三4159
4160,张三4160
4161,张三4161
4162,张三4162
4163,张三4163
4164,张三4164
4165,张三4165
4166,张三4166
4167,张三4167
4168,张三4168
4169,张三4169
4170,张三4170
4171,张三4171
4172,张三4172
4173,张三4173
4174,张三4174
4175,张三4175
4176,张三4176
4177,张三4177
4178,张三4178
4179,张三4179
4180,张三4180
4181,张三4181
4182,张三4182
4183,张三4183
4184,张三4184
4185,张三4185
4186,张三4186
4187,张三4187
4188,张三4188
4189,张三4189
4190,张三4190
4191,张三4191
4192,张三4192
4193,张三4193
4194,张三4194
4195,张三4195
4196,张三4196
4197,张三4197
4198,张三4198
4199,张三4199
4200,张三4200
4201,张三4201
4202,张三4202
4203,张三4203
4204,张三4204
4205,张三4205
4206,张三4206
4207,张三4207
4208,张三4208
4209,张三4209
4210,张三4210
4211,张三4211
4212,张三4212
4213,张三4213
4214,张三4214
4215,张三4215
4216,张三4216
4217,张三4217
4218,张三4218
4219,张三4219
4220,张三4220
4221,张三4221
4222,张三4222
4223,张三4223
4224,张三4224
4225,张三4225
4226,张三4226
4227,张三4227
4228,张三4228
4229,张三4229
4230,张三4230
4231,张三4231
4232,张三4232
4233,张三4233
4234,张三4234
4235,张三4235
4236,张三4236
4237,张三4237
4238,张三4238
4239,张三4239
4240,张三4240
4241,张三4241
4242,张三4242
4243,张三4243
4244,张三4244
4245,张三4245
4246,张三4246
4247,张三4247
4248,张三4248
4249,张三4249
4250,张三4250
4251,张三4251
4252,张三4252
4253,张三4253
4254,张三4254
4255,张三4255
4256,张三4256
4257,张三4257
4258,张三4258
4259,张三4259
4260,张三4260
4261,张三4261
4262,张三4262
4263,张三4263
4264,张三4264
4265,张三4265
4266,张三4266
4267,张三4267
4268,张三4268
4269,张三4269
4270,张三4270
4271,张三4271
4272,张三4272
4273,张三4273
4274,张三4274
4275,张三4275
4276,张三4276
4277,张三4277
4278,张三4278
4279,张三4279
4280,张三4280
4281,张三4281
4282,张三4282
4283,张三4283
4284,张三4284
4285,张三4285
4286,张三4286
4287,张三4287
4288,张三4288
4289,张三4289
4290,张三4290
4291,张三4291
4292,张三4292
4293,张三4293
4294,张三4294
4295,张三4295
4296,张三4296
4297,张三4297
4298,张三4298
4299,张三4299
4300,张三4300
4301,张三4301
4302,张三4302
4303,张三4303
4304,张三4304
4305,张三4305
4306,张三4306
4307,张三4307
4308,张三4308
4309,张三4309
4310,张三4310
4311,张三4311
4312,张三4312
4313,张三4313
4314,张三4314
4315,张三4315
4316,张三4316
4317,张三4317
4318,张三4318
4319,张三4319
4320,张三4320
4321,张三4321
4322,张三4322
4323,张三4323
4324,张三4324
4325,张三4325
4326,张三4326
4327,张三4327
4328,张三4328
4329,张三4329
4330,张三4330
4331,张三4331
4332,张三4332
4333,张三4333
4334,张三4334
4335,张三4335
4336,张三4336
4337,张三4337
4338,张三4338
4339,张三4339
4340,张三4340
4341,张三4341
4342,张三4342
4343,张三4343
4344,张三4344
4345,张三4345
4346,张三4346
4347,张三4347
4348,张三4348
4349,张三4349
4350,张三4350
4351,张三4351
4352,张三4352
4353,张三4353
4354,张三4354
4355,张三4355
4356,张三4356
4357,张三4357
4358,张三4358
4359,张三4359
4360,张三4360
4361,张三4361
4362,张三4362
4363,张三4363
4364,张三4364
4365,张三4365
4366,张三4366
4367,张三4367
4368,张三4368
4369,张三4369
4370,张三4370
4371,张三4371
4372,张三4372
4373,张三4373
4374,张三4374
4375,张三4375
4376,张三4376
4377,张三4377
4378,张三4378
4379,张三4379
4380,张三4380
4381,张三4381
4382,张三4382
4383,张三4383
4384,张三4384
4385,张三4385
4386,张三4386
4387,张三4387
4388,张三4388
4389,张三4389
4390,张三4390
4391,张三4391
4392,张三4392
4393,张三4393
4394,张三4394
4395,张三4395
4396,张三4396
4397,张三4397
4398,张三4398
4399,张三4399
4400,张三4400
4401,张三4401
4402,张三4402
4403,张三4403
4404,张三4404
4405,张三4405
4406,张三4406
4407,张三4407
4408,张三4408
4409,张三4409
4410,张三4410
4411,张三4411
4412,张三4412
4413,张三4413
4414,张三4414
4415,张三4415
4416,张三4416
4417,张三4417
4418,张三4418
4419,张三4419
4420,张三4420
4421,张三4421
4422,张三4422
4423,张三4423
4424,张三4424
4425,张三4425
4426,张三4426
4427,张三4427
4428,张三4428
4429,张三4429
4430,张三4430
4431,张三4431
4432,张三4432
4433,张三4433
4434,张三4434
4435,张三4435
4436,张三4436
4437,张三4437
4438,张三4438
4439,张三4439
4440,张三4440
4441,张三4441
4442,张三4442
4443,张三4443
4444,张三4444
4445,张三4445
4446,张三4446
4447,张三4447
4448,张三4448
4449,张三4449
4450,张三4450
4451,张三4451
4452,张三4452
4453,张三4453
4454,张三4454
4455,张三4455
4456,张三4456
4457,张三4457
4458,张三4458
4459,张三4459
4460,张三4460
4461,张三4461
4462,张三4462
4463,张三4463
4464,张三4464
4465,张三4465
4466,张三4466
4467,张三4467
4468,张三4468
4469,张三4469
4470,张三4470
4471,张三4471
4472,张三4472
4473,张三4473
4474,张三4474
4475,张三4475
4476,张三4476
4477,张三4477
4478,张三4478
4479,张三4479
4480,张三4480
4481,张三4481
4482,张三4482
4483,张三4483
4484,张三4484
4485,张三4485
4486,张三4486
4487,张三4487
4488,张三4488
4489,张三4489
4490,张三4490
4491,张三4491
4492,张三4492
4493,张三4493
4494,张三4494
4495,张三4495
4496,张三4496
4497,张三4497
4498,张三4498
4499,张三4499
4500,张三4500
4501,张三4501
4502,张三4502
4503,张三4503
4504,张三4504
4505,张三4505
4506,张三4506
4507,张三4507
4508,张三4508
4509,张三4509
4510,张三4510
4511,张三4511
4512,张三4512
4513,张三4513
4514,张三4514
4515,张三4515
4516,张三4516
4517,张三4517
4518,张三4518
4519,张三4519
4520,张三4520
4521,张三4521
4522,张三4522
4523,张三4523
4524,张三4524
4525,张三4525
4526,张三4526
4527,张三4527
4528,张三4528
4529,张三4529
4530,张三4530
4531,张三4531
4532,张三4532
4533,张三4533
4534,张三4534
4535,张三4535
4536,张三4536
4537,张三4537
4538,张三4538
4539,张三4539
4540,张三4540
4541,张三4541
4542,张三4542
4543,张三4543
4544,张三4544
4545,张三4545
4546,张三4546
4547,张三4547
4548,张三4548
4549,张三4549
4550,张三4550
4551,张三4551
4552,张三4552
4553,张三4553
4554,张三4554
4555,张三4555
4556,张三4556
4557,张三4557
4558,张三4558
4559,张三4559
4560,张三4560
4561,张三4561
4562,张三4562
4563,张三4563
4564,张三4564
4565,张三4565
4566,张三4566
4567,张三4567
4568,张三4568
4569,张三4569
4570,张三4570
4571,张三4571
4572,张三4572
4573,张三4573
4574,张三4574
4575,张三4575
4576,张三4576
4577,张三4577
4578,张三4578
4579,张三4579
4580,张三4580
4581,张三4581
4582,张三4582
4583,张三4583
4584,张三4584
4585,张三4585
4586,张三4586
4587,张三4587
4588,张三4588
4589,张三4589
4590,张三4590
4591,张三4591
4592,张三4592
4593,张三4593
4594,张三4594
4595,张三4595
4596,张三4596
4597,张三4597
4598,张三4598
4599,张三4599
4600,张三4600
4601,张三4601
4602,张三4602
4603,张三4603
4604,张三4604
4605,张三4605
4606,张三4606
4607,张三4607
4608,张三4608
4609,张三4609
4610,张三4610
4611,张三4611
4612,张三4612
4613,张三4613
4614,张三4614
4615,张三4615
4616,张三4616
4617,张三4617
4618,张三4618
4619,张三4619
4620,张三4620
4621,张三4621
4622,张三4622
4623,张三4623
4624,张三4624
4625,张三4625
4626,张三4626
4627,张三4627
4628,张三4628
4629,张三4629
4630,张三4630
4631,张三4631
4632,张三4632
4633,张三4633
4634,张三4634
4635,张三4635
4636,张三4636
4637,张三4637
4638,张三4638
4639,张三4639
4640,张三4640
4641,张三4641
4642,张三4642
4643,张三4643
4644,张三4644
4645,张三4645
4646,张三4646
4647,张三4647
4648,张三4648
4649,张三4649
4650,张三4650
4651,张三4651
4652,张三4652
4653,张三4653
4654,张三4654
4655,张三4655
4656,张三4656
4657,张三4657
4658,张三4658
4659,张三4659
4660,张三4660
4661,张三4661
4662,张三4662
4663,张三4663
4664,张三4664
4665,张三4665
4666,张三4666
4667,张三4667
4668,张三4668
4669,张三4669
4670,张三4670
4671,张三4671
4672,张三4672
4673,张三4673
4674,张三4674
4675,张三4675
4676,张三4676
4677,张三4677
4678,张三4678
4679,张三4679
4680,张三4680
4681,张三4681
4682,张三4682
4683,张三4683
4684,张三4684
4685,张三4685
4686,张三4686
4687,张三4687
4688,张三4688
4689,张三4689
4690,张三4690
4691,张三4691
4692,张三4692
4693,张三4693
4694,张三4694
4695,张三4695
4696,张三4696
4697,张三4697
4698,张三4698
4699,张三4699
4700,张三4700
4701,张三4701
4702,张三4702
4703,张三4703
4704,张三4704
4705,张三4705
4706,张三4706
4707,张三4707
4708,张三4708
4709,张三4709
4710,张三4710
4711,张三4711
4712,张三4712
4713,张三4713
4714,张三4714
4715,张三4715
4716,张三4716
4717,张三4717
4718,张三4718
4719,张三4719
4720,张三4720
4721,张三4721
4722,张三4722
4723,张三4723
4724,张三4724
4725,张三4725
4726,张三4726
4727,张三4727
4728,张三4728
4729,张三4729
4730,张三4730
4731,张三4731
4732,张三4732
4733,张三4733
4734,张三4734
4735,张三4735
4736,张三4736
4737,张三4737
4738,张三4738
4739,张三4739
4740,张三4740
4741,张三4741
4742,张三4742
4743,张三4743
4744,张三4744
4745,张三4745
4746,张三4746
4747,张三4747
4748,张三4748
4749,张三4749
4750,张三4750
4751,张三4751
4752,张三4752
4753,张三4753
4754,张三4754
4755,张三4755
4756,张三4756
4757,张三4757
4758,张三4758
4759,张三4759
4760,张三4760
4761,张三4761
4762,张三4762
4763,张三4763
4764,张三4764
4765,张三4765
4766,张三4766
4767,张三4767
4768,张三4768
4769,张三4769
4770,张三4770
4771,张三4771
4772,张三4772
4773,张三4773
4774,张三4774
4775,张三4775
4776,张三4776
4777,张三4777
4778,张三4778
4779,张三4779
4780,张三4780
4781,张三4781
4782,张三4782
4783,张三4783
4784,张三4784
4785,张三4785
4786,张三4786
4787,张三4787
4788,张三4788
4789,张三4789
4790,张三4790
4791,张三4791
4792,张三4792
4793,张三4793
4794,张三4794
4795,张三4795
4796,张三4796
4797,张三4797
4798,张三4798
4799,张三4799
4800,张三4800
4801,张三4801
4802,张三4802
4803,张三4803
4804,张三4804
4805,张三4805
4806,张三4806
4807,张三4807
4808,张三4808
4809,张三4809
4810,张三4810
4811,张三4811
4812,张三4812
4813,张三4813
4814,张三4814
4815,张三4815
4816,张三4816
4817,张三4817
4818,张三4818
4819,张三4819
4820,张三4820
4821,张三4821
4822,张三4822
4823,张三4823
4824,张三4824
4825,张三4825
4826,张三4826
4827,张三4827
4828,张三4828
4829,张三4829
4830,张三4830
4831,张三4831
4832,张三4832
4833,张三4833
4834,张三4834
4835,张三4835
4836,张三4836
4837,张三4837
4838,张三4838
4839,张三4839
4840,张三4840
4841,张三4841
4842,张三4842
4843,张三4843
4844,张三4844
4845,张三4845
4846,张三4846
4847,张三4847
4848,张三4848
4849,张三4849
4850,张三4850
4851,张三4851
4852,张三4852
4853,张三4853
4854,张三4854
4855,张三4855
4856,张三4856
4857,张三4857
4858,张三4858
4859,张三4859
4860,张三4860
4861,张三4861
4862,张三4862
4863,张三4863
4864,张三4864
4865,张三4865
4866,张三4866
4867,张三4867
4868,张三4868
4869,张三4869
4870,张三4870
4871,张三4871
4872,张三4872
4873,张三4873
4874,张三4874
4875,张三4875
4876,张三4876
4877,张三4877
4878,张三4878
4879,张三4879
4880,张三4880
4881,张三4881
4882,张三4882
4883,张三4883
4884,张三4884
4885,张三4885
4886,张三4886
4887,张三4887
4888,张三4888
4889,张三4889
4890,张三4890
4891,张三4891
4892,张三4892
4893,张三4893
4894,张三4894
4895,张三4895
4896,张三4896
4897,张三4897
4898,张三4898
4899,张三4899
4900,张三4900
4901,张三4901
4902,张三4902
4903,张三4903
4904,张三4904
4905,张三4905
4906,张三4906
4907,张三4907
4908,张三4908
4909,张三4909
4910,张三4910
4911,张三4911
4912,张三4912
4913,张三4913
4914,张三4914
4915,张三4915
4916,张三4916
4917,张三4917
4918,张三4918
4919,张三4919
4920,张三4920
4921,张三4921
4922,张三4922
4923,张三4923
4924,张三4924
4925,张三4925
4926,张三4926
4927,张三4927
4928,张三4928
4929,张三4929
4930,张三4930
4931,张三4931
4932,张三4932
4933,张三4933
4934,张三4934
4935,张三4935
4936,张三4936
4937,张三4937
4938,张三4938
4939,张三4939
4940,张三4940
4941,张三4941
4942,张三4942
4943,张三4943
4944,张三4944
4945,张三4945
4946,张三4946
4947,张三4947
4948,张三4948
4949,张三4949
4950,张三4950
4951,张三4951
4952,张三4952
4953,张三4953
4954,张三4954
4955,张三4955
4956,张三4956
4957,张三4957
4958,张三4958
4959,张三4959
4960,张三4960
4961,张三4961
4962,张三4962
4963,张三4963
4964,张三4964
4965,张三4965
4966,张三4966
4967,张三4967
4968,张三4968
4969,张三4969
4970,张三4970
4971,张三4971
4972,张三4972
4973,张三4973
4974,张三4974
4975,张三4975
4976,张三4976
4977,张三4977
4978,张三4978
4979,张三4979
4980,张三4980
4981,张三4981
4982,张三4982
4983,张三4983
4984,张三4984
4985,张三4985
4986,张三4986
4987,张三4987
4988,张三4988
4989,张三4989
4990,张三4990
4991,张三4991
4992,张三4992
4993,张三4993
4994,张三4994
4995,张三4995
4996,张三4996
4997,张三4997
4998,张三4998
4999,张三4999
5000,张三5000